problem,z3,msat,minisat-ml,minisat,batsat,z3.time,msat.time,minisat-ml.time,minisat.time,batsat.time
benchs/satcomp-18/final/Zhou/si2-r001-m200-09.cnf,unknown,error,sat,sat,sat,300.04,10.48,21.36,6.12,8.01
benchs/satcomp-18/final/Zhou/si2-r001-m200-00.cnf,sat,error,sat,sat,sat,101.23,9.67,47.04,6.52,9.12
benchs/satcomp-18/final/Zhou/si2-m4Dr2-m256-08.cnf,sat,error,sat,sat,sat,43.65,8.44,27.76,18.58,24.78
benchs/satcomp-18/final/Zhou/si2-b06m-m1000-03.cnf,sat,sat,sat,sat,sat,6.42,51.81,5.06,0.96,1.48
benchs/satcomp-18/final/Zhou/si2-b03m-m800-03.cnf,sat,sat,sat,sat,sat,124.52,29.60,4.39,0.89,1.42
benchs/satcomp-18/final/Zhou/si2-b03m-m400-03.cnf,sat,sat,sat,sat,sat,15.73,7.87,2.74,0.59,0.86
benchs/satcomp-18/final/Zhou/ramsey-32-4.cnf,sat,error,error,unknown,unknown,2.40,301.01,301.01,300.02,300.02
benchs/satcomp-18/final/Zhou/ramsey-30-4.cnf,sat,error,error,unknown,unknown,0.96,301.01,301.01,300.02,300.02
benchs/satcomp-18/final/Zhou/queen8-8-9.cnf,sat,sat,sat,sat,sat,5.28,273.47,9.42,2.03,2.91
benchs/satcomp-18/final/Zhou/patat-08-comp-3.cnf,unknown,error,sat,sat,sat,300.02,33.63,27.89,11.35,15.39
benchs/satcomp-18/final/Zhou/ortholatin-7.cnf,sat,error,error,unknown,unknown,73.27,281.89,301.01,300.01,300.04
benchs/satcomp-18/final/Zhou/magicSquare-9_glb.cnf,unknown,sat,sat,sat,sat,300.02,25.43,84.04,33.28,43.66
benchs/satcomp-18/final/Zhou/magicSquare-8_glb.cnf,unknown,sat,sat,sat,sat,300.02,30.63,14.14,4.63,6.45
benchs/satcomp-18/final/Zhou/lei450-05b-05.cnf,sat,error,sat,sat,sat,2.02,172.53,163.29,51.92,68.33
benchs/satcomp-18/final/Zhou/frb35-17-5_ext.cnf,sat,error,error,sat,sat,40.80,163.27,301.01,18.61,24.96
benchs/satcomp-18/final/Zhou/frb35-17-5-mgd_ext.cnf,sat,error,error,sat,unknown,24.58,157.08,301.01,238.37,300.05
benchs/satcomp-18/final/Zhou/bibd-8-70-35-4-15_glb.cnf,sat,error,sat,sat,sat,113.55,177.39,214.64,151.49,210.55
benchs/satcomp-18/final/Zhou/bibd-19-57-9-3-1_glb.cnf,sat,error,error,unknown,unknown,1.73,93.55,301.02,300.05,300.05
benchs/satcomp-18/final/Zhou/bibd-16-80-15-3-2_glb.cnf,sat,error,sat,sat,sat,247.27,8.61,40.76,12.40,16.13
benchs/satcomp-18/final/Soos/apn-sbox6-cut5-helpbox30.cnf,unknown,error,error,unknown,unknown,300.03,99.90,301.01,300.04,300.03
benchs/satcomp-18/final/Soos/apn-sbox6-cut5-helpbox29.cnf,unknown,error,error,unknown,unknown,300.03,105.55,301.01,300.05,300.03
benchs/satcomp-18/final/Soos/apn-sbox6-cut5-helpbox28.cnf,unknown,error,error,unknown,unknown,300.02,100.46,301.02,300.04,300.04
benchs/satcomp-18/final/Soos/apn-sbox6-cut5-helpbox26.cnf,unknown,error,error,unknown,unknown,300.03,101.61,301.02,300.05,300.04
benchs/satcomp-18/final/Soos/apn-sbox6-cut5-helpbox23.cnf,unknown,error,error,unknown,unknown,300.02,94.98,301.01,300.04,300.03
benchs/satcomp-18/final/Soos/apn-sbox6-cut4-helpbox31.cnf,unknown,error,error,unknown,unknown,300.02,248.81,301.01,300.04,300.03
benchs/satcomp-18/final/Soos/apn-sbox6-cut4-helpbox30.cnf,unknown,error,error,unknown,unknown,300.02,233.90,301.01,300.04,300.04
benchs/satcomp-18/final/Soos/apn-sbox6-cut4-helpbox29.cnf,unknown,error,error,unknown,unknown,300.02,206.84,301.01,300.05,300.04
benchs/satcomp-18/final/Soos/apn-sbox6-cut4-helpbox28.cnf,unknown,error,error,unknown,unknown,300.03,261.54,301.01,300.07,300.03
benchs/satcomp-18/final/Soos/apn-sbox6-cut4-helpbox26.cnf,unknown,error,error,unknown,unknown,300.03,278.33,301.01,300.04,300.03
benchs/satcomp-18/final/Soos/apn-sbox6-cut4-helpbox23.cnf,unknown,error,error,unknown,unknown,300.03,274.14,301.01,300.05,300.03
benchs/satcomp-18/final/Soos/apn-sbox6-cut3-helpbox31.cnf,unknown,error,error,unknown,unknown,300.02,301.02,301.01,300.06,300.03
benchs/satcomp-18/final/Soos/apn-sbox6-cut3-helpbox30.cnf,unknown,error,error,unknown,unknown,300.03,301.02,301.01,300.07,300.04
benchs/satcomp-18/final/Soos/apn-sbox6-cut3-helpbox29.cnf,unknown,error,error,unknown,unknown,300.02,170.60,301.02,300.07,300.04
benchs/satcomp-18/final/Soos/apn-sbox6-cut3-helpbox28.cnf,unknown,error,error,unknown,unknown,300.03,189.01,301.01,300.08,300.03
benchs/satcomp-18/final/Soos/apn-sbox6-cut3-helpbox26.cnf,unknown,error,error,unknown,unknown,300.03,180.93,301.01,300.06,300.04
benchs/satcomp-18/final/Soos/apn-sbox6-cut3-helpbox23.cnf,unknown,error,error,unknown,unknown,300.02,240.24,301.01,300.08,300.03
benchs/satcomp-18/final/Soos/apn-sbox5-cut5-symmbreak.cnf,unknown,error,error,unknown,unknown,300.02,301.02,301.01,300.02,300.04
benchs/satcomp-18/final/Soos/apn-sbox5-cut4-symmbreak.cnf,unknown,error,error,unknown,unknown,300.02,301.01,301.01,300.02,300.03
benchs/satcomp-18/final/Soos/apn-sbox5-cut3-symmbreak.cnf,unknown,error,error,unknown,unknown,300.02,301.02,301.01,300.02,300.03
benchs/satcomp-18/final/Johnson/sted5_0x24204-70.cnf,unknown,error,error,unknown,unknown,300.02,301.02,301.01,300.05,300.03
benchs/satcomp-18/final/Johnson/sted5_0x24204-60.cnf,unknown,error,error,unknown,unknown,300.02,301.02,301.01,300.01,300.03
benchs/satcomp-18/final/Johnson/sted5_0x24204-50.cnf,unknown,error,error,unknown,unknown,300.02,301.02,301.01,300.01,300.02
benchs/satcomp-18/final/Johnson/sted5_0x1e3-60.cnf,unknown,error,error,unknown,unknown,300.02,147.94,301.01,300.01,300.03
benchs/satcomp-18/final/Johnson/sted5_0x1e3-40.cnf,unknown,error,error,unknown,unknown,300.02,151.22,301.01,300.01,300.03
benchs/satcomp-18/final/Johnson/sted5_0x1e3-20.cnf,unknown,error,error,unknown,unknown,300.02,171.55,301.02,300.02,300.03
benchs/satcomp-18/final/Johnson/sted5_0x0-70.cnf,unknown,error,error,unknown,unknown,300.02,283.68,301.01,300.01,300.03
benchs/satcomp-18/final/Johnson/sted5_0x0-60.cnf,unknown,error,error,unknown,unknown,300.02,201.14,301.01,300.01,300.03
benchs/satcomp-18/final/Johnson/sted5_0x0-50.cnf,unknown,error,error,unknown,unknown,300.02,142.77,301.01,300.01,300.03
benchs/satcomp-18/final/Johnson/sted5_0x0-40.cnf,sat,sat,sat,sat,sat,22.42,17.69,47.33,22.64,12.39
benchs/satcomp-18/final/Johnson/sted1_0x24204-380.cnf,unknown,error,error,unknown,unknown,300.02,301.01,301.01,300.03,300.04
benchs/satcomp-18/final/Johnson/sted1_0x24204-350.cnf,unknown,error,error,unknown,unknown,300.02,301.01,301.01,300.02,300.04
benchs/satcomp-18/final/Johnson/sted1_0x24204-330.cnf,unknown,error,error,unknown,unknown,300.02,301.01,301.01,300.03,300.03
benchs/satcomp-18/final/Johnson/sted1_0x1e3-300.cnf,unknown,error,error,unknown,unknown,300.03,299.28,301.02,300.02,300.04
benchs/satcomp-18/final/Johnson/sted1_0x1e3-200.cnf,unknown,error,error,unknown,unknown,300.02,142.77,301.01,300.03,300.03
benchs/satcomp-18/final/Johnson/sted1_0x1e3-100.cnf,unknown,error,error,unknown,unknown,300.02,104.86,301.01,300.02,300.03
benchs/satcomp-18/final/Johnson/sted1_0x0-420.cnf,unknown,error,error,unknown,unknown,300.02,301.02,301.01,300.02,300.03
benchs/satcomp-18/final/Johnson/sted1_0x0-380.cnf,unknown,error,error,unknown,unknown,300.03,301.02,301.01,300.03,300.04
benchs/satcomp-18/final/Johnson/sted1_0x0-350.cnf,unknown,error,error,unknown,unknown,300.02,301.02,301.01,300.02,300.04
benchs/satcomp-18/final/Johnson/sted1_0x0-330.cnf,unknown,error,error,unknown,unknown,300.02,301.02,301.01,300.03,300.04
benchs/satcomp-18/final/Collatz/mod8-bbd-zbd.rules.7-7.cnf,unknown,error,error,unknown,unknown,300.03,301.02,301.01,300.07,300.04
benchs/satcomp-18/final/Collatz/mod8-abd-yad.rules.7-7.cnf,unknown,sat,sat,sat,sat,300.02,126.44,83.06,263.67,96.32
benchs/satcomp-18/final/Collatz/less-cy-caa.rules.6-4.cnf,sat,error,error,unknown,unknown,75.54,301.01,301.01,300.03,300.04
benchs/satcomp-18/final/Collatz/less-cy-caa.rules.4-9.cnf,sat,error,error,unknown,unknown,27.72,300.70,301.01,300.03,300.04
benchs/satcomp-18/final/Collatz/full-cy-caa.rules.7-7.cnf,unknown,error,error,sat,sat,300.03,301.01,301.01,40.28,53.55
benchs/satcomp-18/final/Collatz/full-by-za.rules.5-7.cnf,unknown,error,error,unknown,unknown,300.02,301.01,301.01,300.03,300.04
benchs/satcomp-18/final/Collatz/full-ax-xa.rules.7-7.cnf,sat,error,sat,sat,unknown,29.83,301.01,85.07,13.46,300.03
benchs/satcomp-18/final/Collatz/cz-d-4-7-5.cnf,unknown,error,error,unknown,unknown,300.02,301.02,301.01,300.02,300.04
benchs/satcomp-18/final/Collatz/cz-alt-3-7.cnf,unknown,error,error,unknown,unknown,300.02,301.01,301.01,300.02,300.03
benchs/satcomp-18/final/Collatz/cz-3-7-7.cnf,unknown,error,error,unknown,unknown,300.02,301.02,301.01,300.02,300.03
benchs/satcomp-18/final/Collatz/cannonball-opt-y.rules.4-10.cnf,unknown,error,error,unknown,unknown,300.02,301.01,301.01,300.03,300.03
benchs/satcomp-18/final/Collatz/bz-X-4-7-6.cnf,unknown,error,error,unknown,unknown,300.02,301.02,301.01,300.03,300.03
benchs/satcomp-18/final/Collatz/by-alt-5-7.cnf,unknown,error,error,unknown,unknown,300.02,301.01,301.01,300.03,300.04
benchs/satcomp-18/final/Collatz/by-X-2-7-100.cnf,unknown,error,error,unknown,unknown,300.03,8.89,301.01,300.04,300.06
benchs/satcomp-18/final/Collatz/bx-d-4-7-8.cnf,sat,error,error,sat,sat,243.88,301.02,301.01,99.59,141.23
benchs/satcomp-18/final/Collatz/bx-d-4-7-6.cnf,sat,error,error,unknown,unknown,77.55,301.02,301.01,300.02,300.03
benchs/satcomp-18/final/Collatz/ax-d-4-7-5.cnf,unknown,error,error,unknown,unknown,300.02,301.02,301.01,300.03,300.04
benchs/satcomp-18/final/Collatz/ad-A-3-7-17.cnf,unknown,error,error,unknown,unknown,300.02,301.01,301.01,300.02,300.03
benchs/satcomp-18/final/Collatz/C3-2-31.cnf,unknown,sat,sat,sat,sat,300.02,187.46,50.28,15.16,19.74
benchs/satcomp-18/final/Collatz/5or7mod8.rules.7-7.cnf,unknown,error,error,unknown,unknown,300.02,301.02,301.01,300.06,300.03
benchs/satcomp-18/final/Collatz/1mod8.rules.7-7.cnf,unknown,error,error,unknown,unknown,300.03,300.06,301.01,300.07,300.05
benchs/satcomp-18/final/CRIL/T98.2.0.cnf,unknown,error,error,unknown,unknown,300.13,8.97,301.16,300.95,300.07
benchs/satcomp-18/final/CRIL/T96.2.0.cnf,unknown,error,error,unknown,unknown,300.12,9.05,301.35,300.92,300.06
benchs/satcomp-18/final/CRIL/T93.2.0.cnf,unknown,error,error,unknown,unknown,300.11,8.92,301.02,300.87,300.06
benchs/satcomp-18/final/CRIL/T92.2.0.cnf,unknown,error,error,unknown,unknown,300.12,8.87,301.03,300.90,300.05
benchs/satcomp-18/final/CRIL/T90.2.0.cnf,unknown,error,error,unknown,unknown,300.13,9.21,301.42,300.89,300.10
benchs/satcomp-18/final/CRIL/T87.2.0.cnf,unknown,error,error,error,unknown,300.11,8.96,301.03,301.05,300.06
benchs/satcomp-18/final/CRIL/T86.2.0.cnf,unknown,error,error,unknown,unknown,300.12,8.81,301.58,300.89,300.08
benchs/satcomp-18/final/CRIL/T84.2.0.cnf,unknown,error,error,unknown,unknown,300.11,9.58,301.03,300.96,300.05
benchs/satcomp-18/final/CRIL/T82.2.0.cnf,unknown,error,error,unknown,unknown,300.19,9.39,301.04,300.94,300.06
benchs/satcomp-18/final/CRIL/T77.2.0.cnf,unknown,error,error,unknown,unknown,300.15,9.14,301.04,300.88,300.05
benchs/satcomp-18/final/CRIL/T62.2.0.cnf,unknown,error,error,unknown,unknown,300.11,8.76,301.02,300.98,300.06
benchs/satcomp-18/final/CRIL/T56.2.0.cnf,unknown,error,error,unknown,unknown,300.19,9.33,301.22,301.16,300.08
benchs/satcomp-18/final/CRIL/T129.2.0.cnf,unknown,error,error,unknown,unknown,300.11,8.94,301.03,300.95,300.07
benchs/satcomp-18/final/CRIL/T125.2.0.cnf,unknown,error,error,unknown,unknown,300.11,9.31,301.28,301.25,300.08
benchs/satcomp-18/final/CRIL/T122.2.0.cnf,unknown,error,error,unknown,unknown,300.13,9.00,301.02,300.89,300.05
benchs/satcomp-18/final/CRIL/T117.2.0.cnf,unknown,error,error,unknown,unknown,300.18,9.13,301.05,300.98,300.10
benchs/satcomp-18/final/CRIL/T116.2.0.cnf,unknown,error,error,unknown,unknown,300.13,9.34,301.07,300.92,300.06
benchs/satcomp-18/final/CRIL/T107.2.0.cnf,unknown,error,error,unknown,unknown,300.13,9.03,301.14,300.94,300.05
benchs/satcomp-18/final/CRIL/T105.2.0.cnf,unknown,error,error,unknown,unknown,300.11,9.45,301.02,300.96,300.07
benchs/satcomp-18/final/CRIL/T103.2.0.cnf,unknown,error,error,unknown,unknown,300.19,9.89,301.14,300.92,300.05
benchs/satcomp-18/Zha/prime_200560490131.cnf,unsat,error,error,unknown,unknown,242.98,161.50,301.01,300.01,300.02
benchs/satcomp-18/Zha/prime_119218851371.cnf,unsat,error,error,unsat,unknown,161.54,116.73,301.01,237.05,300.03
benchs/satcomp-18/Zha/factoring94418953x321534781.cnf,unknown,error,error,unknown,unknown,300.02,140.01,301.01,300.01,300.02
benchs/satcomp-18/Zha/factoring87654321x12345678.cnf,unknown,error,error,unknown,sat,300.02,107.95,301.01,300.01,178.84
benchs/satcomp-18/Zha/factoring54018521x562448657.cnf,unknown,error,error,unknown,unknown,300.02,99.73,301.01,300.01,300.03
benchs/satcomp-18/Zha/factoring39916801x54018521.cnf,unknown,error,error,unknown,unknown,300.02,101.35,301.01,300.01,300.02
benchs/satcomp-18/Zha/factoring29986577x29986577.cnf,unknown,error,error,sat,unknown,300.02,121.51,301.01,184.27,300.02
benchs/satcomp-18/Zha/Karatsuba7654321x1234567.cnf,unknown,error,error,unknown,unknown,300.02,301.01,301.01,300.01,300.03
benchs/satcomp-18/Zha/Karatsuba6972593x13466917.cnf,unknown,error,error,unknown,unknown,300.02,301.01,301.02,300.01,300.03
benchs/satcomp-18/Zha/Karatsuba4477457x5308417.cnf,sat,error,error,unknown,unknown,16.52,212.44,301.01,300.01,300.03
benchs/satcomp-18/Xiao/Nb8T63.cnf,sat,error,sat,sat,sat,81.94,94.66,0.92,0.19,0.23
benchs/satcomp-18/Xiao/Nb8T62.cnf,sat,error,error,unknown,unknown,168.64,90.22,301.02,300.07,300.08
benchs/satcomp-18/Xiao/Nb8T61.cnf,sat,error,error,unknown,unknown,188.13,91.03,301.02,300.06,300.07
benchs/satcomp-18/Xiao/Nb8T60.cnf,sat,error,error,unknown,unknown,10.34,116.56,301.02,300.07,300.06
benchs/satcomp-18/Xiao/Nb54T6.cnf,unknown,error,error,unknown,unknown,300.12,9.37,301.02,300.65,300.31
benchs/satcomp-18/Xiao/Nb52T6.cnf,unknown,error,error,unknown,unknown,300.11,8.78,301.02,300.57,300.07
benchs/satcomp-18/Xiao/Nb51T6.cnf,unknown,error,error,unknown,unknown,300.10,8.84,301.02,300.69,300.08
benchs/satcomp-18/Xiao/Nb49T6.cnf,unknown,error,error,unknown,unknown,300.11,9.36,301.05,300.56,300.06
benchs/satcomp-18/Xiao/Nb45T6.cnf,unknown,error,error,unknown,unknown,300.09,8.67,301.02,300.41,300.06
benchs/satcomp-18/Xiao/Nb44T6.cnf,unknown,error,error,unknown,unknown,300.10,9.37,301.08,300.30,300.04
benchs/satcomp-18/Xiao/Nb42T6.cnf,unknown,error,error,unknown,unknown,300.07,9.18,301.02,300.32,300.05
benchs/satcomp-18/Xiao/Nb39T6.cnf,unknown,error,error,unknown,unknown,300.06,8.74,301.03,300.24,300.05
benchs/satcomp-18/Xiao/Nb37T6.cnf,unknown,error,error,unknown,unknown,300.07,8.99,301.05,300.21,300.04
benchs/satcomp-18/Xiao/Nb29T6.cnf,unknown,error,error,unknown,unknown,300.04,8.34,301.02,300.10,300.04
benchs/satcomp-18/Xiao/Nb27T6.cnf,unknown,error,error,unknown,unknown,300.04,31.92,301.01,300.08,300.04
benchs/satcomp-18/Xiao/Nb14T194.cnf,unknown,error,sat,sat,sat,300.09,8.55,16.66,3.36,3.99
benchs/satcomp-18/Xiao/Nb13T166.cnf,unknown,error,error,unknown,unknown,300.08,8.87,301.02,300.39,300.05
benchs/satcomp-18/Xiao/Nb13T165.cnf,unknown,error,error,unknown,unknown,300.08,8.93,301.02,300.34,300.05
benchs/satcomp-18/Xiao/Nb11T118.cnf,unknown,error,sat,sat,sat,300.04,8.37,4.80,0.96,1.16
benchs/satcomp-18/Scheel/cms-scheel-md5-families-r24-c8-p0-3-5-6-14-16-18-19.cnf,unknown,error,error,unknown,unknown,300.03,193.10,301.06,300.03,300.03
benchs/satcomp-18/Scheel/cms-scheel-md5-families-r24-c7-p1-5-6-12-16-18-19.cnf,unknown,error,error,unknown,unknown,300.03,153.55,301.01,300.03,300.03
benchs/satcomp-18/Scheel/cms-scheel-md5-families-r24-c7-p1-3-6-10-11-14-15.cnf,unknown,error,error,unknown,unsat,300.03,198.03,301.01,300.02,2.88
benchs/satcomp-18/Scheel/cms-scheel-md5-families-r24-c6-p1-4-6-13-14-18.cnf,unknown,error,error,unknown,unknown,300.02,149.27,301.02,300.04,300.03
benchs/satcomp-18/Scheel/cms-scheel-md5-families-r24-c5-p6-11-15-16-19.cnf,unknown,error,error,unknown,unsat,300.03,146.35,301.03,300.03,2.05
benchs/satcomp-18/Scheel/cms-scheel-md5-families-r24-c5-p2-7-8-15-19.cnf,unknown,error,error,unknown,unknown,300.03,172.63,301.08,300.11,300.03
benchs/satcomp-18/Scheel/cms-scheel-md5-families-r24-c4-p1-3-4-16.cnf,sat,error,error,unknown,unknown,299.94,141.79,301.01,300.02,300.03
benchs/satcomp-18/Scheel/cms-scheel-md5-families-r24-c11-p1-4-6-9-10-11-13-15-17-18-19.cnf,sat,error,error,sat,sat,124.41,208.73,301.01,85.06,73.32
benchs/satcomp-18/Scheel/cms-scheel-md4-families-r24-c8-p2-3-4-5-7-12-16-19.cnf,unknown,error,error,unknown,unknown,300.03,112.94,301.01,300.03,300.03
benchs/satcomp-18/Scheel/cms-scheel-md4-families-r24-c6-p2-4-9-16-17-19.cnf,unsat,error,error,unknown,unknown,196.17,109.16,301.01,300.02,300.04
benchs/satcomp-18/Scheel/cms-scheel-md4-families-r24-c6-p1-9-13-16-18-19.cnf,unknown,error,error,unknown,unknown,300.03,169.58,301.07,300.05,300.02
benchs/satcomp-18/Scheel/cms-scheel-md4-families-r24-c6-p0-5-10-11-17-18.cnf,unknown,error,error,unknown,unknown,300.03,96.18,301.01,300.02,300.02
benchs/satcomp-18/Scheel/cms-scheel-md4-families-r24-c5-p5-13-16-17-19.cnf,unknown,error,error,unknown,unknown,300.03,109.81,301.01,300.02,300.02
benchs/satcomp-18/Scheel/cms-scheel-md4-families-r24-c5-p1-8-9-16-19.cnf,unknown,error,error,unknown,unknown,300.03,131.21,301.01,300.02,300.02
benchs/satcomp-18/Scheel/cms-scheel-md4-families-r24-c5-p1-8-13-18-19.cnf,unknown,error,error,unknown,unknown,300.02,175.63,301.01,300.02,300.03
benchs/satcomp-18/Scheel/cms-scheel-md4-families-r24-c5-p1-5-10-12-18.cnf,unknown,error,error,unknown,unknown,300.03,104.04,301.01,300.02,300.02
benchs/satcomp-18/Scheel/cms-scheel-md4-families-r24-c5-p0-7-10-15-19.cnf,sat,error,error,sat,sat,18.23,119.42,301.01,57.45,79.58
benchs/satcomp-18/Scheel/cms-scheel-md4-families-r24-c5-p0-5-11-13-18.cnf,unknown,error,error,unknown,unknown,300.03,91.41,301.01,300.02,300.02
benchs/satcomp-18/Scheel/cms-scheel-md4-families-r24-c4-p6-13-17-19.cnf,unknown,error,error,unknown,unknown,300.03,116.76,301.01,300.04,300.03
benchs/satcomp-18/Scheel/cms-scheel-md4-families-r24-c4-p4-9-13-18.cnf,unknown,error,error,unknown,unknown,300.03,141.49,301.01,300.02,300.02
benchs/satcomp-18/Porkhunov/mchess_20.cnf,unknown,error,error,unknown,unknown,300.02,85.01,301.10,300.01,300.04
benchs/satcomp-18/Porkhunov/mchess_19.cnf,unknown,error,error,unknown,unknown,300.02,73.38,301.10,300.02,300.03
benchs/satcomp-18/Porkhunov/mchess_18.cnf,unknown,error,error,unknown,unknown,300.02,85.89,301.01,300.01,300.04
benchs/satcomp-18/Porkhunov/mchess_17.cnf,unknown,error,error,unknown,unknown,300.02,74.21,301.10,300.02,300.03
benchs/satcomp-18/Porkhunov/mchess_16.cnf,unknown,error,error,unknown,unknown,300.02,71.13,301.02,300.02,300.03
benchs/satcomp-18/Porkhunov/mchess_15.cnf,unsat,error,error,unknown,unknown,241.05,79.55,301.11,300.02,300.03
benchs/satcomp-18/Porkhunov/Cake_9_20.cnf,unknown,error,error,unknown,unknown,300.02,92.87,301.09,300.03,300.03
benchs/satcomp-18/Porkhunov/Cake_9_19.cnf,unknown,error,error,unknown,unknown,300.02,107.70,301.09,300.01,300.04
benchs/satcomp-18/Porkhunov/Cake_8_16.cnf,unknown,error,error,unknown,unknown,300.02,86.63,301.18,300.01,300.03
benchs/satcomp-18/Ofer/exams_flat_0.04_2017_9.cnf,unknown,error,error,unknown,unknown,300.06,7.60,301.02,300.17,300.04
benchs/satcomp-18/Ofer/exams0.04_2017_9.cnf,unknown,error,error,unknown,unknown,300.03,117.49,301.01,300.10,300.04
benchs/satcomp-18/Ofer/exam_flat_0.04_2018_3.cnf,unknown,error,error,unknown,unknown,300.05,8.56,301.02,300.16,300.03
benchs/satcomp-18/Ofer/exam0.04_2018_3.cnf,unknown,error,error,unknown,unknown,300.03,191.81,301.01,300.11,300.04
benchs/satcomp-18/Ofer/courses_flat_0.16_2017_9.cnf,unknown,error,error,unknown,unknown,300.04,8.58,301.02,300.26,300.03
benchs/satcomp-18/Ofer/courses_flat_0.12_2017_9.cnf,unknown,error,error,unknown,unknown,300.05,8.47,301.02,300.25,300.03
benchs/satcomp-18/Ofer/courses0.2_2017_9.cnf,unknown,error,error,unknown,unknown,300.04,7.92,301.02,300.24,300.05
benchs/satcomp-18/Ofer/courses0.12_2017_9.cnf,unknown,error,error,unknown,unknown,300.04,7.73,301.02,300.16,300.03
benchs/satcomp-18/Ofer/course_flat_0.2_2018_3.cnf,unknown,error,error,unknown,unknown,300.06,8.97,301.02,300.28,300.05
benchs/satcomp-18/Ofer/course_flat_0.16_2018_3.cnf,unknown,error,error,unknown,unknown,300.05,8.98,301.02,300.25,300.04
benchs/satcomp-18/Ofer/course_flat_0.12_2018_3_5.cnf,unknown,error,error,unknown,unknown,300.04,7.38,301.02,300.17,300.03
benchs/satcomp-18/Ofer/course_flat_0.12_2018_3_3.cnf,unknown,error,error,unknown,unknown,300.04,17.44,301.02,300.12,300.03
benchs/satcomp-18/Ofer/course_flat_0.12_2018_3_1.cnf,unknown,error,error,unknown,unknown,300.03,301.02,301.02,300.08,300.03
benchs/satcomp-18/Ofer/course_flat_0.12_2018_3.cnf,unknown,error,error,unknown,unknown,300.05,8.77,301.02,300.28,300.04
benchs/satcomp-18/Ofer/course0.2_2018_3_5.cnf,unknown,error,error,unknown,unknown,300.03,65.70,301.01,300.14,300.04
benchs/satcomp-18/Ofer/course0.2_2018_3.cnf,unknown,error,error,unknown,unknown,300.04,8.25,301.02,300.28,300.04
benchs/satcomp-18/Ofer/course0.16_2018_3_5.cnf,unknown,error,error,unknown,unknown,300.03,51.51,301.02,300.14,300.04
benchs/satcomp-18/Ofer/course0.12_2018_3_5.cnf,unknown,error,error,unknown,unknown,300.03,50.45,301.01,300.15,300.05
benchs/satcomp-18/Ofer/course0.12_2018_3_3.cnf,unknown,error,error,unknown,unknown,300.02,301.02,301.02,300.07,300.03
benchs/satcomp-18/Ofer/course0.12_2018_3_1.cnf,unknown,error,error,unknown,unknown,300.03,301.01,301.01,300.07,300.04
benchs/satcomp-18/Mayer-Eichberger/9-4-9.cnf,unknown,error,error,unknown,unknown,300.03,52.04,301.22,300.06,300.04
benchs/satcomp-18/Mayer-Eichberger/9-4-10.cnf,unknown,error,error,unknown,unknown,300.04,17.71,301.02,300.07,300.05
benchs/satcomp-18/Mayer-Eichberger/8-5-6.cnf,unknown,error,error,unknown,unknown,300.03,25.22,301.10,300.05,300.06
benchs/satcomp-18/Mayer-Eichberger/8-4-9.cnf,unknown,error,error,unknown,unknown,300.03,121.62,301.02,300.04,300.04
benchs/satcomp-18/Mayer-Eichberger/8-4-8.cnf,unknown,error,error,unknown,unknown,300.03,264.71,301.02,300.05,300.04
benchs/satcomp-18/Mayer-Eichberger/8-4-10.cnf,unknown,error,error,unknown,unknown,300.04,116.46,301.22,300.06,300.05
benchs/satcomp-18/Mayer-Eichberger/7-5-6.cnf,unknown,error,error,unknown,unknown,300.03,225.89,301.02,300.04,300.05
benchs/satcomp-18/Mayer-Eichberger/7-4-7.cnf,unknown,error,error,unknown,unknown,300.03,301.02,301.18,300.09,300.04
benchs/satcomp-18/Mayer-Eichberger/6-5-6.cnf,unknown,error,error,unknown,unknown,300.03,301.02,301.02,300.03,300.05
benchs/satcomp-18/Mayer-Eichberger/6-4-7.cnf,unknown,error,error,unknown,unknown,300.03,301.02,301.18,300.04,300.05
benchs/satcomp-18/Mayer-Eichberger/6-4-6.cnf,unknown,error,error,unknown,unknown,300.03,301.02,301.18,300.04,300.05
benchs/satcomp-18/Mayer-Eichberger/6-3-8.cnf,unknown,error,error,unknown,unknown,300.03,301.02,301.10,300.02,300.05
benchs/satcomp-18/Mayer-Eichberger/10-4-10.cnf,unknown,error,error,unknown,unknown,300.04,8.51,301.21,300.08,300.04
benchs/satcomp-18/Mayer-Eichberger/10-3-13.cnf,unknown,error,error,unknown,unknown,300.03,301.02,301.02,300.04,300.05
benchs/satcomp-18/Manthey/terminator_03_true-unreach-call_true-termination.i.cnf,unknown,error,error,unknown,unknown,300.03,31.81,301.19,300.08,300.07
benchs/satcomp-18/Manthey/sqrt_Householder_pseudoconstant_true-unreach-call.c.cnf,unknown,error,error,unknown,unknown,300.08,9.19,301.02,300.56,300.08
benchs/satcomp-18/Manthey/pals_lcr.8_overflow_false-unreach-call.ufo.UNBOUNDED.pals.c.cnf,unknown,error,error,unknown,unknown,300.02,70.12,301.06,300.04,300.06
benchs/satcomp-18/Manthey/pals_lcr-var-start-time.6_true-unreach-call.ufo.UNBOUNDED.pals.c.cnf,unknown,error,error,unknown,unknown,300.02,138.96,301.01,300.04,300.03
benchs/satcomp-18/Manthey/pals_lcr-var-start-time.5_true-unreach-call.ufo.UNBOUNDED.pals.c.cnf,unsat,error,error,unknown,unknown,96.29,100.54,301.01,300.03,300.04
benchs/satcomp-18/Manthey/pals_floodmax.5_overflow_false-unreach-call.ufo.UNBOUNDED.pals.c.cnf,unknown,error,error,unknown,unknown,300.02,225.95,301.01,300.03,300.05
benchs/satcomp-18/Manthey/newton_3_6_false-unreach-call.i.cnf,unknown,error,error,unknown,unknown,300.03,84.09,301.18,300.10,300.04
benchs/satcomp-18/Manthey/newton_3_4_true-unreach-call.i.cnf,unknown,error,error,unknown,unknown,300.03,50.12,301.05,300.06,300.04
benchs/satcomp-18/Manthey/filter_iir_true-unreach-call.c.cnf,unknown,error,error,unknown,unknown,300.04,8.94,301.21,300.17,300.04
benchs/satcomp-18/Manthey/filter1_true-unreach-call.c.cnf,unknown,error,error,unknown,unknown,300.05,8.41,301.18,300.16,300.05
benchs/satcomp-18/Manthey/avg_true-unreach-call.i.cnf,unknown,error,error,unknown,unknown,300.03,116.23,301.02,300.04,300.04
benchs/satcomp-18/Manthey/Problem14_label57_false-unreach-call.c.cnf,unknown,error,error,sat,sat,300.08,9.06,301.23,173.53,193.94
benchs/satcomp-18/Manthey/Problem14_label55_true-unreach-call.c.cnf,unsat,error,error,unsat,unsat,63.69,8.63,301.02,59.72,34.93
benchs/satcomp-18/Manthey/Problem14_label48_true-unreach-call.c.cnf,unknown,error,error,unsat,unsat,300.09,8.83,301.21,162.30,239.59
benchs/satcomp-18/Manthey/Problem14_label20_true-unreach-call.c.cnf,unsat,error,unsat,unsat,unsat,54.63,8.66,12.81,2.45,3.01
benchs/satcomp-18/Manthey/Problem14_label19_true-unreach-call.c.cnf,unknown,error,error,unknown,unsat,300.07,8.87,301.15,300.46,211.82
benchs/satcomp-18/Manthey/Problem14_label14_false-unreach-call.c.cnf,unknown,error,error,sat,sat,300.08,8.52,301.24,237.77,145.14
benchs/satcomp-18/Manthey/Problem11_label51_false-unreach-call.c.cnf,unknown,error,error,unknown,unknown,300.08,8.93,301.18,300.91,300.05
benchs/satcomp-18/Manthey/Problem11_label29_false-unreach-call.c.cnf,unknown,error,error,unknown,unknown,300.09,8.97,301.25,300.49,300.05
benchs/satcomp-18/Liang/sqrt_ineq_3.c.cnf,sat,error,error,unknown,unknown,118.88,73.22,301.19,300.05,300.05
benchs/satcomp-18/Liang/sqrt_ineq_2.c.cnf,sat,error,error,unknown,unknown,104.22,56.90,301.19,300.05,300.05
benchs/satcomp-18/Liang/quadratic_tight_error.c.cnf,unknown,error,error,unknown,unknown,300.03,111.22,301.02,300.04,300.06
benchs/satcomp-18/Liang/quadratic_loose_error.c.cnf,unsat,error,error,unknown,unknown,171.11,108.65,301.02,300.04,300.05
benchs/satcomp-18/Liang/dist9.c.cnf,unsat,error,error,unknown,unknown,133.40,75.37,301.01,300.03,300.03
benchs/satcomp-18/Liang/dist8.c.cnf,unsat,error,error,unknown,unknown,137.27,114.42,301.01,300.01,300.03
benchs/satcomp-18/Liang/dist7.c.cnf,unsat,error,error,unknown,unknown,153.75,104.61,301.01,300.02,300.03
benchs/satcomp-18/Liang/dist6.c.cnf,unsat,error,error,unknown,unknown,135.22,127.76,301.01,300.01,300.04
benchs/satcomp-18/Liang/dist5.c.cnf,unsat,error,error,unknown,unknown,130.47,110.03,301.01,300.02,300.03
benchs/satcomp-18/Liang/dist4.c.cnf,unsat,error,error,unknown,unknown,144.86,163.91,301.01,300.01,300.03
benchs/satcomp-18/Liang/dist10.c.cnf,unsat,error,error,unknown,unknown,133.60,92.13,301.11,300.02,300.03
benchs/satcomp-18/Liang/commutativity3.c.cnf,unknown,error,error,unknown,unknown,300.02,109.82,301.02,300.03,300.04
benchs/satcomp-18/Liang/commutativity.c.cnf,unknown,error,error,unknown,unknown,300.02,62.22,301.10,300.01,300.03
benchs/satcomp-18/Liang/assoc_mult_err_3.c.cnf,unsat,error,error,unsat,unknown,51.31,127.24,301.18,147.46,300.03
benchs/satcomp-18/Liang/assoc2.c.cnf,unknown,error,error,unknown,unknown,300.02,95.99,301.01,300.02,300.03
benchs/satcomp-18/Konan/TimetableCNFEncoding_9_UNKNOWN.cnf,unknown,error,error,unknown,unknown,300.03,128.23,301.02,300.09,300.05
benchs/satcomp-18/Konan/TimetableCNFEncoding_8_UNKNOWN.cnf,unknown,error,error,unknown,unknown,300.04,78.26,301.02,300.10,300.04
benchs/satcomp-18/Konan/TimetableCNFEncoding_6_UNKNOWN.cnf,unknown,error,error,unknown,unknown,300.04,36.16,301.02,300.09,300.05
benchs/satcomp-18/Konan/TimetableCNFEncoding_5_UNKNOWN.cnf,unknown,error,error,unknown,unknown,300.05,12.10,301.02,300.12,300.05
benchs/satcomp-18/Konan/TimetableCNFEncoding_4_UNKNOWN.cnf,unknown,error,error,unknown,unknown,300.04,10.68,301.01,300.15,300.05
benchs/satcomp-18/Konan/TimetableCNFEncoding_3_UNKNOWN.cnf,unknown,error,error,unknown,unknown,300.04,9.09,301.01,300.14,300.05
benchs/satcomp-18/Konan/TimetableCNFEncoding_2_UNKNOWN.cnf,unknown,error,error,unknown,unknown,300.04,12.00,301.02,300.14,300.06
benchs/satcomp-18/Konan/TimetableCNFEncoding_20_UNKNOWN.cnf,unknown,error,error,unknown,unknown,300.05,8.78,301.01,300.17,300.04
benchs/satcomp-18/Konan/TimetableCNFEncoding_1_UNKNOWN.cnf,unknown,error,error,unknown,unknown,300.05,8.78,301.01,300.14,300.05
benchs/satcomp-18/Konan/TimetableCNFEncoding_17_UNKNOWN.cnf,unknown,error,error,unknown,unknown,300.04,9.37,301.01,300.13,300.04
benchs/satcomp-18/Konan/TimetableCNFEncoding_16_UNKNOWN.cnf,unknown,error,error,unknown,unknown,300.05,8.82,301.02,300.17,300.04
benchs/satcomp-18/Konan/TimetableCNFEncoding_10_UNKNOWN.cnf,unknown,error,error,unknown,unknown,300.03,104.92,301.01,300.05,300.05
benchs/satcomp-18/Jingchao/e_rphp096_04.cnf,unknown,error,error,unknown,unknown,300.02,148.06,301.09,300.01,300.02
benchs/satcomp-18/Jingchao/e_rphp065_05.cnf,unknown,error,error,unknown,unknown,300.02,75.45,301.04,300.02,300.02
benchs/satcomp-18/Jingchao/e_rphp065_04.cnf,unknown,error,error,unknown,unknown,300.02,86.80,301.03,300.01,300.02
benchs/satcomp-18/Jingchao/e_rphp056_05.cnf,unknown,error,error,unknown,unknown,300.02,79.94,301.02,300.01,300.02
benchs/satcomp-18/Jingchao/e_rphp055_04.cnf,unknown,error,error,unknown,unknown,300.03,91.25,301.02,300.02,300.03
benchs/satcomp-18/Jingchao/e_rphp035_05.cnf,unknown,error,error,unknown,unknown,300.03,73.67,301.09,300.02,300.03
benchs/satcomp-18/Jingchao/ae_rphp095_04.cnf,unknown,error,error,unknown,unknown,300.02,94.99,301.10,300.01,300.03
benchs/satcomp-18/Jingchao/ae_rphp075_04.cnf,unknown,error,error,unknown,unknown,300.02,88.36,301.10,300.02,300.03
benchs/satcomp-18/Jingchao/ae_rphp062_05.cnf,unknown,error,error,unknown,unknown,300.03,97.35,301.09,300.03,300.02
benchs/satcomp-18/Jingchao/ae_rphp056_05.cnf,unknown,error,error,unknown,unknown,300.02,83.03,301.03,300.02,300.03
benchs/satcomp-18/Jingchao/ae_rphp055_04.cnf,unknown,error,error,unknown,unknown,300.02,93.31,301.09,300.02,300.02
benchs/satcomp-18/Jingchao/ae_rphp045_05.cnf,unknown,error,error,unknown,unknown,300.02,84.41,301.04,300.02,300.03
benchs/satcomp-18/Jingchao/ae_rphp035_05.cnf,unknown,error,error,unknown,unknown,300.02,71.49,301.10,300.01,300.03
benchs/satcomp-18/Jingchao/a_rphp098_04.cnf,unknown,error,error,unknown,unknown,300.02,98.02,301.10,300.02,300.03
benchs/satcomp-18/Jingchao/a_rphp085_04.cnf,unknown,error,error,unknown,unknown,300.03,102.59,301.04,300.02,300.03
benchs/satcomp-18/Jingchao/a_rphp065_04.cnf,unknown,error,error,unknown,unknown,300.02,92.21,301.09,300.01,300.03
benchs/satcomp-18/Jingchao/a_rphp056_05.cnf,unknown,error,error,unknown,unknown,300.02,85.98,301.02,300.01,300.03
benchs/satcomp-18/Jingchao/a_rphp055_04.cnf,unknown,error,error,unknown,unknown,300.02,90.47,301.04,300.02,300.02
benchs/satcomp-18/Jingchao/a_rphp045_05.cnf,unknown,error,error,unknown,unknown,300.02,81.40,301.03,300.02,300.03
benchs/satcomp-18/Jingchao/a_rphp035_05.cnf,unknown,error,error,unknown,unknown,300.02,75.89,301.02,300.02,300.03
benchs/satcomp-18/Heusser/satcoin-genesis-SAT-9.cnf,sat,sat,error,unknown,unknown,13.02,4.14,301.04,300.05,300.05
benchs/satcomp-18/Heusser/satcoin-genesis-SAT-8192.cnf,sat,error,error,unknown,unknown,162.87,49.04,301.18,300.05,300.07
benchs/satcomp-18/Heusser/satcoin-genesis-SAT-8.cnf,sat,sat,error,unknown,unknown,8.54,8.14,301.06,300.07,300.07
benchs/satcomp-18/Heusser/satcoin-genesis-SAT-7.cnf,sat,sat,error,unknown,unknown,5.12,5.84,301.17,300.06,300.07
benchs/satcomp-18/Heusser/satcoin-genesis-SAT-64.cnf,sat,error,error,unknown,unknown,65.71,48.24,301.05,300.07,300.04
benchs/satcomp-18/Heusser/satcoin-genesis-SAT-512.cnf,sat,error,error,unknown,unknown,70.43,46.41,301.19,300.07,300.04
benchs/satcomp-18/Heusser/satcoin-genesis-SAT-5.cnf,sat,sat,error,unknown,unknown,3.19,5.99,301.18,300.09,300.05
benchs/satcomp-18/Heusser/satcoin-genesis-SAT-4096.cnf,unknown,error,error,unknown,unknown,300.03,51.02,301.18,300.05,300.03
benchs/satcomp-18/Heusser/satcoin-genesis-SAT-4.cnf,sat,sat,error,unknown,unknown,3.21,4.95,301.17,300.07,300.04
benchs/satcomp-18/Heusser/satcoin-genesis-SAT-32.cnf,unknown,sat,error,unknown,unknown,300.03,23.35,301.06,300.05,300.04
benchs/satcomp-18/Heusser/satcoin-genesis-SAT-3.cnf,sat,sat,error,unknown,unknown,3.00,4.00,301.16,300.08,300.05
benchs/satcomp-18/Heusser/satcoin-genesis-SAT-256.cnf,unknown,error,error,unknown,unknown,300.03,48.39,301.20,300.05,300.05
benchs/satcomp-18/Heusser/satcoin-genesis-SAT-2048.cnf,unknown,error,error,unknown,unknown,300.03,48.82,301.01,300.07,300.06
benchs/satcomp-18/Heusser/satcoin-genesis-SAT-16.cnf,sat,sat,error,unknown,unknown,20.48,25.71,301.27,300.06,300.06
benchs/satcomp-18/Heusser/satcoin-genesis-SAT-128.cnf,sat,error,error,unknown,unknown,34.31,48.97,301.01,300.06,300.10
benchs/satcomp-18/Heusser/satcoin-genesis-SAT-1024.cnf,unknown,error,error,unknown,unknown,300.03,47.51,301.19,300.06,300.03
benchs/satcomp-18/Heusser/satcoin-genesis-SAT-10.cnf,sat,sat,error,unknown,unknown,9.22,7.65,301.19,300.07,300.04
benchs/satcomp-18/Heule/CNP-5-900.cnf,unknown,sat,error,unknown,unknown,300.02,68.80,301.01,300.03,300.03
benchs/satcomp-18/Heule/CNP-5-800.cnf,unknown,error,error,unknown,unknown,300.02,250.20,301.12,300.02,300.04
benchs/satcomp-18/Heule/CNP-5-700.cnf,unknown,error,error,unknown,unknown,300.03,301.02,301.02,300.02,300.04
benchs/satcomp-18/Heule/CNP-5-600.cnf,unknown,error,error,unknown,unknown,300.02,301.02,301.02,300.03,300.04
benchs/satcomp-18/Heule/CNP-5-500.cnf,unknown,error,error,unknown,unknown,300.02,236.73,301.01,300.02,300.03
benchs/satcomp-18/Heule/CNP-5-400.cnf,unknown,error,error,unknown,unknown,300.02,295.84,301.15,300.03,300.03
benchs/satcomp-18/Heule/CNP-5-300.cnf,unknown,error,error,unknown,unknown,300.02,278.91,301.10,300.02,300.04
benchs/satcomp-18/Heule/CNP-5-200.cnf,unknown,error,error,unknown,unknown,300.02,243.31,301.01,300.03,300.05
benchs/satcomp-18/Heule/CNP-5-1900.cnf,sat,sat,sat,sat,sat,190.86,65.38,260.97,190.42,224.24
benchs/satcomp-18/Heule/CNP-5-1800.cnf,unknown,sat,error,sat,sat,300.02,20.30,301.01,50.70,63.03
benchs/satcomp-18/Heule/CNP-5-1700.cnf,unknown,error,error,sat,sat,300.03,301.02,301.01,143.70,160.71
benchs/satcomp-18/Heule/CNP-5-1600.cnf,unknown,error,error,sat,sat,300.03,301.02,301.01,53.14,69.78
benchs/satcomp-18/Heule/CNP-5-1500.cnf,unknown,error,error,sat,sat,300.02,271.67,301.01,145.90,174.46
benchs/satcomp-18/Heule/CNP-5-1400.cnf,unknown,error,error,unknown,unknown,300.02,301.02,301.01,300.02,300.04
benchs/satcomp-18/Heule/CNP-5-1300.cnf,unknown,error,error,unknown,unknown,300.02,279.59,301.01,300.02,300.03
benchs/satcomp-18/Heule/CNP-5-1200.cnf,unknown,error,error,unknown,unknown,300.02,281.39,301.09,300.02,300.03
benchs/satcomp-18/Heule/CNP-5-1100.cnf,unknown,error,error,unknown,unknown,300.03,300.51,301.09,300.03,300.03
benchs/satcomp-18/Heule/CNP-5-1000.cnf,unknown,error,error,unknown,unknown,300.02,301.02,301.09,300.03,300.04
benchs/satcomp-18/Heule/CNP-5-100.cnf,unknown,error,error,unknown,unknown,300.02,301.02,301.01,300.03,300.04
benchs/satcomp-18/Heule/CNP-5-0.cnf,unknown,error,error,unknown,unknown,300.02,301.02,301.04,300.03,300.04
benchs/satcomp-18/Harder/ecarev-110-4099-22-30-7.cnf,unknown,error,error,unknown,unknown,300.02,102.06,301.07,300.14,300.05
benchs/satcomp-18/Harder/ecarev-110-4099-22-30-5.cnf,unknown,error,error,unknown,unknown,300.03,106.44,301.10,300.11,300.04
benchs/satcomp-18/Harder/ecarev-110-4099-22-30-4.cnf,unknown,error,error,unknown,unknown,300.03,117.36,301.01,300.08,300.05
benchs/satcomp-18/Harder/ecarev-110-4099-22-30-2.cnf,unknown,error,error,unknown,unknown,300.03,143.37,301.01,300.07,300.06
benchs/satcomp-18/Harder/ecarev-110-1031-23-40-8.cnf,unknown,error,error,unknown,unknown,300.02,209.67,301.01,300.04,300.04
benchs/satcomp-18/Harder/ecarev-110-1031-23-40-7.cnf,unknown,error,error,unknown,unknown,300.02,213.28,301.01,300.04,300.04
benchs/satcomp-18/Harder/ecarev-110-1031-23-40-6.cnf,unknown,error,error,unknown,unknown,300.02,223.65,301.01,300.03,300.04
benchs/satcomp-18/Harder/ecarev-110-1031-23-40-5.cnf,unknown,error,error,unknown,unknown,300.03,301.02,301.01,300.05,300.05
benchs/satcomp-18/Harder/ecarev-110-1031-23-40-3.cnf,unknown,error,error,unsat,unsat,300.03,301.02,301.01,77.12,143.40
benchs/satcomp-18/Harder/ecarev-110-1031-23-40-2.cnf,unknown,error,error,unknown,unknown,300.02,301.02,301.02,300.05,300.04
benchs/satcomp-18/Harder/ecarev-110-1031-23-40-1.cnf,unknown,error,error,unknown,unknown,300.02,244.92,301.07,300.08,300.04
benchs/satcomp-18/Ehlers/ex187_10.cnf,unknown,error,error,unknown,unknown,300.03,13.05,301.18,300.05,300.04
benchs/satcomp-18/Ehlers/ex179_11.cnf,unknown,error,error,unknown,unknown,300.04,14.36,301.07,300.07,300.06
benchs/satcomp-18/Ehlers/ex177_13.cnf,unknown,error,error,unknown,unknown,300.13,8.73,301.02,300.22,300.07
benchs/satcomp-18/Ehlers/ex177_12.cnf,unknown,error,error,unknown,unknown,300.11,8.54,301.33,300.22,300.06
benchs/satcomp-18/Ehlers/ex175_20.cnf,unknown,error,error,unknown,unknown,300.13,9.00,301.22,300.19,300.07
benchs/satcomp-18/Ehlers/ex175_18.cnf,unknown,error,error,unknown,unknown,300.11,8.66,301.58,300.25,300.06
benchs/satcomp-18/Ehlers/ex175_17.cnf,unknown,error,error,unknown,unknown,300.11,8.57,301.20,300.20,300.07
benchs/satcomp-18/Ehlers/ex157_10.cnf,unknown,error,error,unknown,unknown,300.04,7.66,301.09,300.05,300.04
benchs/satcomp-18/Ehlers/ex145_11.cnf,unknown,error,error,unknown,unknown,300.03,301.02,301.04,300.04,300.04
benchs/satcomp-18/Ehlers/ex145_10.cnf,unknown,error,error,unknown,unknown,300.03,301.02,301.17,300.03,300.04
benchs/satcomp-18/Ehlers/ex095_8.cnf,unknown,error,error,unknown,unknown,300.13,9.28,301.26,300.19,300.06
benchs/satcomp-18/Ehlers/ex067_10.cnf,unknown,error,error,unknown,unknown,300.03,79.97,301.02,300.04,300.05
benchs/satcomp-18/Ehlers/ex065_25.cnf,unknown,error,error,unknown,unknown,300.03,301.02,301.18,300.04,300.05
benchs/satcomp-18/Ehlers/ex065_24.cnf,unknown,error,error,unknown,unknown,300.03,300.85,301.19,300.05,300.05
benchs/satcomp-18/Ehlers/ex051_9.cnf,unknown,error,error,unknown,unknown,300.03,301.02,301.19,300.04,300.06
benchs/satcomp-18/Ehlers/ex045_7.cnf,unknown,error,error,unknown,unknown,300.11,8.77,301.18,300.66,300.06
benchs/satcomp-18/Ehlers/ex039_33.cnf,unknown,error,error,unknown,unknown,300.03,301.02,301.18,300.05,300.04
benchs/satcomp-18/Ehlers/ex025_19.cnf,unknown,error,error,unknown,unknown,300.03,8.06,301.06,300.06,300.05
benchs/satcomp-18/Ehlers/ex015_14.cnf,unknown,error,error,unknown,unknown,300.04,7.57,301.22,300.07,300.04
benchs/satcomp-18/Ehlers/ex009_10.cnf,unknown,error,error,unknown,unknown,300.06,8.66,301.02,300.10,300.05
benchs/satcomp-18/Devriendt/school1_nsh.col.14.cnf,unknown,error,error,unknown,unknown,300.03,301.02,301.16,300.05,300.04
benchs/satcomp-18/Devriendt/school1.col.14.cnf,unknown,error,error,unknown,unknown,300.03,301.02,301.01,300.02,300.05
benchs/satcomp-18/Devriendt/queen8_8.col.9.cnf,unknown,error,error,unknown,unknown,300.02,279.76,301.01,300.02,300.03
benchs/satcomp-18/Devriendt/queen8_12.col.12.cnf,unknown,error,error,unknown,unknown,300.03,291.71,301.01,300.02,300.03
benchs/satcomp-18/Devriendt/queen15_15.col.15.cnf,unknown,error,error,unknown,unknown,300.03,301.02,301.01,300.02,300.05
benchs/satcomp-18/Devriendt/queen14_14.col.14.cnf,unknown,error,error,unknown,unknown,300.03,301.02,301.02,300.01,300.03
benchs/satcomp-18/Devriendt/queen13_13.col.13.cnf,unknown,error,error,unknown,unknown,300.03,301.02,301.09,300.02,300.03
benchs/satcomp-18/Devriendt/queen12_12.col.12.cnf,unknown,error,error,unknown,unknown,300.03,301.02,301.01,300.01,300.03
benchs/satcomp-18/Devriendt/le450_25c.col.25.cnf,unknown,error,error,unknown,unknown,300.03,301.02,301.18,300.04,300.03
benchs/satcomp-18/Devriendt/le450_25b.col.25.cnf,unknown,error,error,unknown,unknown,300.03,301.02,301.02,300.03,300.03
benchs/satcomp-18/Devriendt/le450_25a.col.25.cnf,unknown,error,error,unknown,unknown,300.03,301.02,301.02,300.05,300.04
benchs/satcomp-18/Devriendt/le450_15c.col.15.cnf,unknown,error,error,unknown,unknown,300.03,301.02,301.01,300.03,300.04
benchs/satcomp-18/Devriendt/le450_15b.col.15.cnf,unknown,error,error,unknown,unknown,300.03,301.02,301.01,300.03,300.04
benchs/satcomp-18/Devriendt/le450_15a.col.15.cnf,unknown,error,error,unknown,unknown,300.03,301.02,301.02,300.02,300.04
benchs/satcomp-18/Devriendt/huck.col.11.cnf,unsat,unsat,unsat,unsat,unsat,21.51,76.14,106.40,112.97,79.28
benchs/satcomp-18/Chowdhury/gto_p60c343.cnf,unknown,error,error,unknown,unknown,300.02,76.36,301.01,300.01,300.02
benchs/satcomp-18/Chowdhury/gto_p60c295.cnf,unknown,error,error,unknown,unknown,300.02,111.96,301.02,300.02,300.03
benchs/satcomp-18/Chowdhury/gto_p60c243.cnf,unknown,error,error,unknown,unknown,300.02,82.03,301.01,300.01,300.03
benchs/satcomp-18/Chowdhury/gto_p60c241.cnf,unknown,error,error,unknown,unknown,300.02,91.21,301.01,300.01,300.03
benchs/satcomp-18/Chowdhury/gto_p60c239.cnf,unknown,error,error,unknown,unknown,300.02,84.03,301.01,300.01,300.02
benchs/satcomp-18/Chowdhury/gto_p60c238.cnf,unknown,error,error,unknown,unknown,300.02,100.81,301.02,300.01,300.02
benchs/satcomp-18/Chowdhury/gto_p60c235.cnf,unknown,error,error,unknown,unknown,300.02,80.76,301.02,300.01,300.02
benchs/satcomp-18/Chowdhury/gto_p60c234.cnf,unknown,error,error,unknown,unknown,300.02,106.49,301.02,300.01,300.03
benchs/satcomp-18/Chowdhury/gto_p60c233.cnf,unsat,error,error,unknown,unknown,240.57,102.38,301.02,300.01,300.03
benchs/satcomp-18/Chowdhury/gto_p60c231_1.cnf,unsat,error,error,unknown,unknown,189.09,85.64,301.02,300.01,300.02
benchs/satcomp-18/Chowdhury/gto_p60c231.cnf,unsat,error,error,unsat,unknown,122.74,90.27,301.02,279.76,300.02
benchs/satcomp-18/Chowdhury/gto_p50c345_1.cnf,unknown,error,error,unknown,unknown,300.02,103.07,301.01,300.02,300.03
benchs/satcomp-18/Chowdhury/gto_p50c345.cnf,unknown,error,error,unknown,unknown,300.02,99.93,301.01,300.01,300.03
benchs/satcomp-18/Chowdhury/gto_p50c314_1.cnf,unknown,error,error,unknown,unknown,300.02,102.53,301.01,300.01,300.03
benchs/satcomp-18/Chowdhury/gto_p50c314.cnf,unknown,error,error,unknown,unknown,300.02,114.80,301.01,300.01,300.03
benchs/satcomp-18/Chowdhury/gto_p50c312.cnf,unknown,error,error,unknown,unknown,300.02,101.86,301.01,300.01,300.03
benchs/satcomp-18/Chowdhury/gto_p50c311.cnf,unknown,error,error,unknown,unknown,300.02,106.04,301.01,300.01,300.03
benchs/satcomp-18/Chowdhury/gto_p50c307.cnf,unknown,error,error,unknown,unknown,300.02,83.99,301.01,300.01,300.02
benchs/satcomp-18/Chowdhury/gto_p50c291.cnf,unknown,error,error,unknown,unknown,300.02,97.09,301.01,300.01,300.02
benchs/satcomp-18/Chen/20180326_095805836_p_cnf_320_1120.cnf,unknown,error,error,unknown,unknown,300.02,94.88,301.09,300.01,300.03
benchs/satcomp-18/Chen/20180326_095804936_p_cnf_320_1120.cnf,unknown,error,error,unknown,unknown,300.02,81.30,301.02,300.01,300.02
benchs/satcomp-18/Chen/20180326_095804286_p_cnf_320_1120.cnf,unknown,error,sat,sat,sat,300.02,82.32,282.17,108.37,140.72
benchs/satcomp-18/Chen/20180326_095801070_p_cnf_320_1120.cnf,unknown,error,error,unknown,unknown,300.02,90.12,301.09,300.01,300.02
benchs/satcomp-18/Chen/20180322_164245263_p_cnf_320_1120.cnf,unknown,error,sat,sat,sat,300.02,83.02,39.69,14.71,18.61
benchs/satcomp-18/Chen/20180322_164241842_p_cnf_320_1120.cnf,unknown,error,error,unknown,unknown,300.02,88.30,301.02,300.01,300.02
benchs/satcomp-18/Chen/20180322_164241329_p_cnf_320_1120.cnf,unknown,error,error,unknown,unknown,300.02,77.99,301.02,300.01,300.02
benchs/satcomp-18/Chen/20180322_164238439_p_cnf_320_1120.cnf,unknown,error,error,unknown,unknown,300.02,86.14,301.02,300.01,300.02
benchs/satcomp-18/Chen/20180322_164226661_p_cnf_320_1120.cnf,unknown,error,error,unknown,unknown,300.02,92.25,301.02,300.01,300.02
benchs/satcomp-18/Chen/20180322_164226378_p_cnf_320_1120.cnf,unknown,error,error,unknown,unknown,300.02,83.17,301.02,300.01,300.02
benchs/satcomp-18/Chen/20180322_164224543_p_cnf_320_1120.cnf,unknown,error,error,unknown,unknown,300.02,83.43,301.10,300.01,300.02
benchs/satcomp-18/Chen/20180322_164223076_p_cnf_320_1120.cnf,unknown,error,error,unknown,unknown,300.02,79.61,301.02,300.01,300.03
benchs/satcomp-18/Chen/20180321_140833987_p_cnf_320_1120.cnf,unknown,error,error,unknown,unknown,300.02,84.15,301.02,300.01,300.02
benchs/satcomp-18/Chen/20180321_140827428_p_cnf_320_1120.cnf,unknown,error,error,unknown,unknown,300.02,84.86,301.09,300.01,300.02
benchs/satcomp-18/Chen/20180321_140826713_p_cnf_320_1120.cnf,unknown,error,error,unknown,unknown,300.02,83.66,301.09,300.01,300.03
benchs/satcomp-18/Chen/20180321_140824282_p_cnf_320_1120.cnf,unknown,error,error,unknown,unknown,300.02,71.32,301.09,300.01,300.02
benchs/satcomp-18/Chen/20180321_140823961_p_cnf_320_1120.cnf,unknown,error,error,unknown,unknown,300.02,84.54,301.08,300.01,300.02
benchs/satcomp-18/Chen/20180321_110707239_p_cnf_320_1120.cnf,unknown,error,error,unknown,unknown,300.02,91.47,301.02,300.01,300.03
benchs/satcomp-18/Chen/20180321_110706599_p_cnf_320_1120.cnf,unknown,error,error,sat,unknown,300.02,83.77,301.02,258.96,300.02
benchs/satcomp-18/Chen/20180321_110704973_p_cnf_320_1120.cnf,unknown,error,error,unknown,unknown,300.02,89.80,301.10,300.01,300.03
benchs/satcomp-18/Biere/uniqinv47prop.cnf,unknown,error,error,unknown,unknown,300.02,72.36,301.10,300.02,300.03
benchs/satcomp-18/Biere/uniqinv46prop.cnf,unknown,error,error,unknown,unknown,300.02,79.56,301.01,300.01,300.03
benchs/satcomp-18/Biere/uniqinv45prop.cnf,unknown,error,error,unknown,unknown,300.02,75.83,301.03,300.02,300.03
benchs/satcomp-18/Biere/uniqinv40prop.cnf,unknown,error,error,unknown,unknown,300.02,81.29,301.01,300.02,300.02
benchs/satcomp-18/Biere/uniqinv30prop.cnf,unknown,error,error,unknown,unknown,300.02,72.73,301.01,300.02,300.02
benchs/satcomp-18/Biere/uniqinv25prop.cnf,unknown,error,error,unknown,unknown,300.02,84.35,301.10,300.01,300.03
benchs/satcomp-18/Biere/uniqinv20prop.cnf,unknown,error,error,unknown,unknown,300.02,79.33,301.10,300.01,300.03
benchs/satcomp-18/Biere/udiv48prop.cnf,unknown,error,error,unknown,unknown,300.02,184.85,301.01,300.02,300.03
benchs/satcomp-18/Biere/udiv47prop.cnf,unknown,error,error,unknown,unknown,300.02,173.83,301.01,300.02,300.03
benchs/satcomp-18/Biere/udiv46prop.cnf,unknown,error,error,unknown,unknown,300.02,210.16,301.01,300.02,300.03
benchs/satcomp-18/Biere/udiv45prop.cnf,unknown,error,error,unknown,unknown,300.02,205.85,301.01,300.02,300.02
benchs/satcomp-18/Biere/udiv40prop.cnf,unknown,error,error,unknown,unknown,300.02,167.58,301.01,300.02,300.03
benchs/satcomp-18/Biere/udiv35prop.cnf,unknown,error,error,unknown,unknown,300.02,142.49,301.01,300.01,300.03
benchs/satcomp-18/Biere/sdiv40prop.cnf,unknown,error,error,unknown,unknown,300.02,89.15,301.01,300.03,300.03
benchs/satcomp-18/Biere/sdiv30prop.cnf,unknown,error,error,unknown,unknown,300.02,83.72,301.02,300.02,300.02
benchs/satcomp-18/Biere/sdiv25prop.cnf,unknown,error,error,unknown,unknown,300.02,93.97,301.01,300.02,300.03
benchs/satcomp-18/Biere/sdiv20prop.cnf,unknown,error,error,unknown,unknown,300.02,78.57,301.06,300.01,300.03
benchs/satcomp-18/Biere/sdiv17prop.cnf,unknown,error,error,unknown,unknown,300.02,89.72,301.10,300.01,300.03
benchs/satcomp-18/Biere/sdiv16prop.cnf,unknown,error,error,unknown,unknown,300.02,88.31,301.09,300.01,300.03
benchs/satcomp-18/Biere/sdiv15prop.cnf,unsat,error,error,unknown,unknown,253.02,64.95,301.03,300.01,300.03
